DOIs,PC1,PC2,PC3,PC4,PC5,PC6,PC7,PC8,PC9,PC10,PC11,PC12,PC13,PC14,PC15,PC16,PC17,PC18,PC19,PC20
acting,-0.6159890422015097,-1.6514992482568334,-1.8262349892181446,-0.3809210993617249,1.0519057324139152,-0.06869520231478138,-0.04790926184929869,0.5770286445934291,0.16575092440327577,0.08737975039931412,-0.1812874116040045,0.1535303449303014,-0.09483036194105651,0.15837303637638547,0.009799219549316115,-0.007480845074111116,0.007043100984821753,0.0053762445670497835,0.002348499443707254,0.024070550225107044
animals,-1.0225925379106737,-0.8089288049727726,1.040920231001371,0.6001394519331317,-0.16001060175318735,0.4703506962245592,-0.0672655761121621,-0.20909653162445743,0.06797756794960809,-0.1659611947579698,-0.05655590534850538,0.017811475973498504,-0.1296394121170527,-0.015604525379062826,-0.010875227248391454,-0.01032213339756829,-0.004233468086083477,0.030203490623105927,0.024119976160182854,-0.03957938004565832
anime,3.156978401814319,1.2085976414309216,2.7602773605645297,0.7300882602438293,0.6756069426944372,0.39533993426806974,0.03405596652401344,0.451278106133033,-0.05105325659906989,0.610135347173698,0.10789907097347379,-0.06232587220308774,-0.014894261838204746,0.016733898601900388,0.08505141307873977,-0.014628795448394996,0.01225654648878995,-0.025649357425393433,0.006908724207416587,-0.0010278930312821815
art,5.939951217472774,1.6750597045055975,0.7682557274660102,-0.4919371356675485,-0.6299909988686994,0.07685693734751496,0.5010993957322155,0.4269332415558133,0.23851921596993772,0.04115351772654746,-0.09775432854967023,0.05830752913968859,0.03566938813889649,-0.06061101448219667,0.08685809900634359,0.020026361837141335,0.005251151675483271,-0.03994269895709666,-0.021626237877491395,-0.0008446268608058618
basketball,-7.661066371108394,-0.7101824557836794,-0.015134247551638735,0.16707059316988934,0.3461681214057659,-0.17919231182425419,-0.1655430256175477,0.09111538064252869,-0.010636627034055978,-0.16779492514789937,-0.014085172469207914,0.04336562804640641,0.01882392842613273,-0.016785354579805376,-0.03050255404935259,0.047577186076143516,-0.010891271506706495,0.014342268468118483,-0.049720336927027216,-0.03377548108778562
biking,-6.1377891375591584,-0.7861354684131205,0.5717667493800189,0.5635649544044057,-0.5006489725064478,-0.4797864503680202,0.17921327292035202,-0.20404350534456558,-0.012160377031450103,0.08990951219535818,0.01753588493199635,0.11265710357396794,-0.03757209909398713,0.05583853855628298,0.06378731366519434,-0.04625004958865309,-0.017031646936021917,0.031551731757855736,0.008522727291207996,0.006926756456368797
books,8.718856797089563,0.5933886165543311,-0.5769810176679602,0.31355754520962914,0.2572393815132529,-0.37566504447181304,-0.21307713908715947,0.1531839684706958,-0.052515836370078284,-0.13516976403137418,-0.024837548065547752,-0.01744691046374966,-0.02753269278782836,-0.06849416930412511,-0.03917422822716628,0.036009176688547556,0.07440710531621104,-0.024917937731389204,-0.020130084144014102,0.006836744561928447
boys,-3.5413745763216706,1.1880259438596206,-0.7530233989454911,-0.6183236970525795,0.5545163986609145,-0.15009352489468789,0.4038912769994827,-0.16196780894882898,0.24680355108690918,0.11877668489116915,0.01221147651733173,-0.10016541808458841,0.007950198803911285,-0.005330938480288347,-0.1199564200284455,0.01667095808147287,-0.006831243145124446,0.00757025170679371,0.014489823727235543,0.02219215961104676
camping,-2.6428689664652736,-1.2735911639864121,-0.4371212121390866,1.1084850324429296,-0.4202137124146557,0.15163620080689566,0.14848777330205984,0.12438532432303681,-0.12871502211703273,-0.0656915251529641,0.013706071732934618,-0.0914806467970501,-0.05058056358344185,0.02291612242529313,0.034457659511014836,-0.001919431530686928,-0.02383689439605055,0.006320872548702824,0.021004065520083916,0.05058955913160016
candles,0.27151138090584825,-0.8167105670429503,0.19331238218971897,-0.2147858619960486,-0.5448490376463359,0.22892769707095745,-0.0889487245049468,-0.20584765645704187,0.01950106756008466,0.08313985197687272,0.13111962410542027,-0.06177374171886866,-0.10084228036272036,0.07376943352362648,0.0694075473110669,-0.008793675702865088,0.03734469800493911,-0.024856377750783237,-0.002943444148715632,-0.022498095727819314
cars,-5.1111973183878945,-0.9635675354077301,-0.18259660774819586,0.25643172327250685,-0.10076682995307193,-0.06704364621461803,0.24486505914277115,0.034659491320137584,0.1596750069220155,0.15140499388481,0.06981544343713501,0.052586267112811474,0.08403930828340977,-0.09695241937334849,-0.05475056716391008,-0.030056812071047698,0.01774853461556447,0.008151007280906727,-0.005092064712349273,0.0005602995429811592
cats,6.866382017879698,-1.3593401150050874,-1.4556412649012056,0.5445616053115621,-0.00045200810700065405,-0.1701214059838672,-0.08782535136473124,0.10094349298981195,0.1309520438194239,0.054398965012132,0.018747769690374175,0.02152428278354602,-0.008176929359792449,-0.0405577047454786,-0.09676747005821656,0.010633473116922263,-0.04301831263067377,0.0517804743579572,-0.009204902960881856,-0.007177573167656602
cheese,-0.8559010019213422,0.1262696139239474,-1.0971766981354967,0.48366067716038696,0.020235612693458884,0.008397120166269706,0.16648124932250888,-0.09572270483767116,-0.20708431033795763,0.07061605298118002,0.02836805936002132,0.041987777985777824,0.04591662110883382,0.0430448110903314,-0.0230621579521129,-0.06804487911690463,0.006497128493995179,-0.00844624400924212,-0.012114566425635874,-0.0049330324321139
chocolate,4.2997740606422115,-0.19044658123551483,-1.6106264529967707,0.15250778735056966,0.6690085395202938,-0.5425455563375685,-0.28670788958178406,-0.10002572201865735,0.018567513870096065,0.00912940438249509,0.026191575728723642,-0.017112795083709435,-0.008555393375730141,-0.1026000604619287,-0.06840811920749745,-0.028902669706248565,-0.015887848958567877,-0.05525175661024976,0.0007339083082054864,7.249519456517582e-05
clothes,-2.298183497106833,-1.1900375425485195,-0.02356035316517283,-0.3552475160163314,0.6585776703970321,0.5859490954999385,0.016939949906989816,-0.16579617597080698,0.1290259240111411,-0.08347500601188487,-0.04497712502512698,-0.06397333506084742,0.01305354438059213,0.0009661013439592604,0.041534399429766396,-0.02102381786899893,0.05547720921414463,0.002890151072091236,-0.016229283225744955,0.03413785199041804
coffee,4.645301785120002,-0.6504579735764774,-1.229121686321707,0.13451499116294544,-0.1402070023437632,0.1573078661850518,-0.16381978189656657,0.40974969701884767,-0.11419604352465668,-0.20968943448420355,0.048098370871655124,-0.002394313489433128,0.05323875919912595,-0.011539255819920626,-0.004185621090847807,0.03260809560760343,-0.018152382866718917,-0.007689119142949044,0.001161267256863669,0.0001128933072792696
computers,-1.213396099815788,1.6669750711772142,-0.6135422058919253,0.9091595576063374,-0.030701785645357558,-0.24091924695746952,0.4727442802787451,0.03737037655948576,0.16833251671083707,0.21706907490325436,0.03566967155143062,0.19236223214182865,-0.016860856148669102,0.03037032560786281,-0.011331110171894034,0.0680275268227227,-0.012686167319215458,-0.023967706252988347,-0.028896748333481482,0.012933332804796825
concerts,-0.8477089738592468,1.082087951997991,0.8432129063284679,-0.6574016872316776,-0.41718261660607314,0.21326411531894718,-0.25450599873775054,0.1641601899290701,-0.13249873589134303,-0.18820314362024307,0.01414724514485271,-0.006940562861496721,-0.031289050646539106,0.011913733178283745,-0.06633611723213638,0.031582290569255655,-0.002021584728205084,-0.004002161991692053,-0.011980164968496717,-0.012733163498692867
cooking,3.9043806576947544,-1.8887634756429956,-1.5232326298357168,1.2970641861359211,0.03898668565084433,-0.010967813442034444,0.24694740754498362,-0.02172320142668229,0.1830525522377677,0.009400718472818528,0.05846292358781861,-0.1703902636859895,0.0368190638003664,0.12615344715135215,-0.016019759632786793,0.01907035467297423,0.0014767070129986755,0.0006937084008138748,0.032212476346342785,-0.01408100521257259
dancing,0.06286271835064579,2.667201722905484,-1.6675726808183216,-0.09548385878658557,0.49899181493593187,-0.09978900157437383,0.09193320451755183,-0.14229626995586422,0.09999773221352642,-0.07810462877797804,-0.049514400030742194,0.05628607591913305,0.00891753716499548,-0.002229199785212199,0.032447921983368905,-0.031636617711905186,-0.019478249831972314,0.006108772994163818,0.00924073133268916,-0.020761151054506894
dogs,-0.08963358985826005,-1.592242065595018,-0.17154853163925923,0.3668040864986187,0.06248361271594792,0.14259388083129731,-0.24444404042614443,0.2758848240381845,0.15805303585909694,-0.12818514978558185,-0.10116923484562276,-0.01658262512777564,-0.011728747463955436,-0.004105270124793053,-0.03966104873454897,0.034399290325135154,-0.005124233851893186,-0.043987925498851145,-0.027134056917071884,-0.022989506234278905
drawing,-0.25657625224825725,1.9769683594302943,1.7874372085813686,0.443667936775528,-0.24250188162634267,0.2611792337781645,-0.36966987822821445,0.21997257342502252,0.2840936033132389,0.11280547120365278,-0.10154197027395606,0.14626483771854815,0.07890690012536981,0.09106680385557364,0.005759268907223558,-0.022300654187290818,-0.01978917371098929,0.005620626064518221,0.03343193523837643,-0.013580871898891643
dreams,1.7534266954285236,-1.5031909911363972,0.009449726308852623,-0.09503983788770713,-0.2777014593635014,0.34832599479432597,-0.1676910897494936,-0.09586117632790464,-0.15408041759961053,0.07381284065815837,-0.12786224518306122,0.050725094493897886,-0.11795696489232986,-0.1140842797067485,-0.033121194519846936,-0.02361527964372986,0.01319209297313451,0.002520524234958666,-0.002436189638980435,-0.006366312383372353
drinking,-4.073761230864515,-1.7315850152346621,-0.36436933260389287,-0.10794108745185231,-0.007778417674443821,0.332994133239166,-0.18524730833292344,0.2786737855645384,-0.22937426536965705,-0.354107627298878,-0.15104035492137471,0.18304449307749807,0.058888629466661256,-0.0005707286077830346,0.049070806831103486,-0.008199936757297379,-0.004304544685924082,-0.036673252414898924,0.007243637764070833,-0.009444888146471778
driving,-2.8225042091142836,0.30125410690553284,-0.5609915982601573,0.3582413123676533,-0.20534985498969768,0.30064343935034304,0.0027136769190017804,0.2094895029819259,-0.1295918105913847,0.04092477159250079,0.06739246314558456,-0.05218322365539738,-0.051644905706518,0.022922417267930675,-0.022200420313660346,0.00398236187878459,0.04164948683331849,-0.011790123722281467,0.009011606963419164,-0.007538606839246465
dvds,-3.6649429503181024,-0.27738563749100076,0.6634850775165592,0.7342301219196921,0.12723814929544913,0.3524891083424359,0.17897033211337648,-0.4838826220613549,-0.18495285652588603,-0.025664793952706613,0.04358434222017248,0.10788197473758059,-0.030950131833967387,0.028668168476668553,0.02506243156996395,0.01684693436871642,0.03000858925009517,-0.04738565389828168,0.001673815805153817,0.006399406669484636
eating,-4.032439279773216,-0.4336774007126935,-0.46990144449691323,-0.07556487230084734,0.23929425770341006,-0.38501618766670553,0.030959293723396546,0.13506495893896334,0.0861948554813721,0.07758981919600105,-0.01559826077622137,-0.009934964185410998,0.10949877363951833,0.06789384115583658,-0.010734010919834712,-0.05618226202108404,0.029801658139509555,-0.02009064790340504,-0.01982951502439873,-0.014167959103810567
family,-2.492991096643202,-1.3939474407014276,-0.6494390279671487,0.0650876747657228,0.528333570478506,-0.04165197337059788,-0.20097620796979543,0.39875576337397467,0.09648843089354354,-0.30556679119861824,-0.15491193503789316,-0.000502439653198545,-0.14903944896265628,-0.025005623919290704,0.01581471607162639,-0.002106593831716332,0.012641666661279612,0.04188042573028025,0.06003022092626739,-0.012599819329289583
family guy,0.14237750387091105,0.19309168577353583,-0.4355715154277786,0.3297068602840284,-0.05006157116317822,0.5087881276283693,-0.24743658981249986,-0.13917359012733924,-0.14124166667779836,-0.07853122940912874,-0.021309797513134714,-0.06580703464871505,0.008682113662271725,0.049985139738033195,0.049252587255241155,0.03864140157549346,-0.01661262932539493,0.020612902420695065,0.043758171909228046,0.029781108639903978
fanfiction,4.2224629819495485,-4.061433979041482,4.248914890700859,-0.6351867814516238,1.4168453652456803,-0.7415859581309519,0.4409194566961675,0.0972894977040799,-0.5269410532344524,-0.271436976289907,0.12230891031925709,0.0019450468483420363,0.07726875744020184,-0.08272594098958422,-0.003953583203590182,-0.015017858675008369,-0.04719805600213963,0.020707263445951366,0.014527173153565434,-0.023231792281840646
fantasy,6.033424578525226,-3.2215615410989673,-1.0346149858733509,0.595786583371391,0.5769692850654246,-0.39301654496444005,0.5503734978962767,-0.4259954562978841,-0.08623882214131126,0.47658657228667756,-0.10101587697927801,0.06874175171042768,0.056437814703098374,-0.10598442382818259,0.0413560485204775,0.06795363227084487,0.02763435453126402,0.011010924582704088,-0.014108686138044238,-0.013523614042065639
fashion,2.24096945277859,-3.5117716893200894,1.504757232741888,-0.7643650626927073,0.5562077425675132,0.6694742440117014,0.131100099339701,-0.2878581838044209,0.5623255044398303,-0.31488507595714976,-0.11183286269699512,-0.07813130367031168,0.054108007351440814,-0.09687989911739404,0.07886749882718856,-0.04214779476637512,0.04896872278116769,0.015751733698506222,-0.020991645912476653,0.0050465873008019285
food,-0.5434163545326547,1.4874662085766903,-1.3123577904977248,0.07441210399058547,0.5185982443650474,-0.298263499367331,0.25215896199397353,0.27158156577009696,0.04016500937931322,0.10912078826196818,-0.021334210328791906,-0.10928732985808755,0.07917413353329879,0.11062794941848528,0.024095815212906147,-0.018080435053431827,0.013713107326359514,0.039637750202708974,0.005728389490925637,-0.003936076232949093
football,-4.611287986698317,-1.1754466269230097,-0.16388025891744207,0.16122947349938838,0.31956843896341436,-0.35521206878821987,-0.04610389019055899,0.13841917159238704,-0.1052981380861885,-0.17131238130410079,0.08177686168255936,-0.0019319638327390807,0.03398326590093265,-0.010106596890140356,-0.008379707665796212,0.04489470863835944,0.03734413639115871,-0.01073613864778679,0.002423017643583812,0.007561002591102934
friends,-0.7792720886236482,6.254729647972117,-1.2530384073324037,-0.6192126725556122,0.7094142569330705,-0.6147675293814869,0.10454636827159776,0.07607109960559597,-0.08653408018017247,-0.05318681892219914,0.005968933830209032,-0.028687292583748025,-0.10004476341203979,-0.042388982402143914,0.06011107729235315,0.020053665161096215,0.029268924319968633,0.00372614025757945,0.02054136943511412,-0.010637199762797037
girls,-2.8756155737642377,-2.007365939373407,-0.635960261749562,-0.4048709130484374,0.5231988341964579,0.2927953138240435,0.5101267430863226,0.17899927056526319,-0.07526826492970616,-0.14254646673435797,0.03500792783132443,0.06672788883336457,0.031689737896935286,0.05734346062688724,0.021422036410267912,-0.035745988958941974,0.016287519562378276,0.0045453862937906275,-0.006123868193209904,0.018363962593401298
green day,-3.1268248960332388,0.43191170582330213,0.5694434263158045,-0.8135382832704305,-0.47477277728069245,-0.5304512382695316,-0.3363535391902561,-0.0010275818604875938,0.040820737764186765,0.16156361583282328,-0.0334313645335459,-0.0426102110190265,-0.020234682429093473,0.01469472264837481,-0.07128845871751295,0.027539671937388786,-0.0007396371261607077,-0.016733671870965992,0.01206037079077316,0.013492804147699091
guitar,-2.9964322479857426,0.6158266352908043,-0.4705723885788754,-0.045024554004980344,-0.023462726280589794,-0.1238834911920691,0.14702165301516856,-0.01914244597090358,0.03343798275014362,0.02248401471080158,0.03524382821027193,0.02294779801226358,0.038238491775373196,0.04394457769929138,-0.08658969602980326,-0.03026051807082493,0.0780128647310741,0.012157686092576264,0.042069446303160216,-0.014750482475446391
guys,-6.4783885337077765,0.0980395770245071,0.22133373750407645,-0.08194747057422584,0.20829730024284937,0.11477268299540305,0.15419117188181128,-0.033581914192536894,0.04566833117478439,-0.030371504311904177,0.06853757242778583,-0.036529551387269606,-0.11102361381014136,-0.03298906275646504,-0.01228262075371479,0.06760224717006544,-0.028474696238493347,-0.009708983086370802,0.012013991696036485,0.012523909763528164
harry potter,7.362073477614165,-0.4041683468682625,1.8065875668889684,-0.014378204951413417,1.1172821869920848,-0.5565968416114603,-0.30985678290743596,-0.40308460658610906,0.0331633349750661,-0.18090993108019326,0.009209100129713224,0.0008406881420182753,0.029625206029372006,0.16750565252362495,-0.021499228893052308,0.055389706357292255,0.019422095103877487,-0.02611975761957844,0.0073259452335883695,0.02869650055858531
hiking,-2.4858273665791706,-1.4167847084752008,0.03760841405007168,0.940510948123434,-1.119820236364124,-0.5863059070841157,-0.0767739527727099,-0.03491560367334523,-0.14636545628458794,0.018025266421545887,-0.1405952300763141,-0.047096593856259215,0.05171332025547017,-0.007926985370480612,0.08147146540286948,-0.011672212595955255,-0.01032342325485075,0.04732025802484448,0.014617974241919922,0.024013492721122846
history,4.425364246103547,-2.6367398207122856,-0.9846640201043975,0.7082834260371793,0.06259906801677594,-0.23665969630648265,-0.05329107337100622,0.2104387998496117,0.008015981251254238,0.0647220419070684,0.054671288320309853,-0.10579530375524611,-0.008098518283348132,-0.08170467228697581,-0.0779281403188826,-0.029863887689666715,0.02459696826242401,-0.011177941021198635,0.003985873318185811,-0.00286794629530952
hugs,1.5205893160437436,0.20954119252786366,-1.3231075596332786,-0.8074934733502749,-0.08363799783409646,-0.3837195005037602,-0.21162299260976808,-0.11637145471323576,-0.09059176958837828,0.11154672684263095,0.040474005452198175,-0.006964979036416726,-0.030945409763836366,0.05138607201001946,0.070194186380688,-0.0004230026595655467,-0.036424599496090185,-0.01655766936132525,-0.014610474526418385,-0.013212062651594381
internet,-0.4105722955166469,-1.7857759577984482,0.9624513566241338,-0.0945346998917195,0.09862621946540835,-0.07675185174388796,-0.23856163111382814,-0.09483210201122794,0.22990248804715116,0.08300253437017635,0.04254025139343359,0.14034930632843481,-0.11610402354027245,0.043420276635437294,0.039649383612150514,0.04999633365630311,-0.006530341282553459,0.0044858036226087215,-0.010916910286680868,0.006446403747733603
johnny depp,1.4263727381391846,-0.2726405976755923,0.9334887366445471,-0.8442695955975844,-0.23559774563260627,-0.5033620209583578,-0.6143541345267234,-0.07967218445210052,-0.07082271471852966,-0.015951472561010396,-0.10080570420949928,0.06999935451414448,0.017161202325524726,-0.01879414347040435,-0.05227733871185996,-0.05711263960976328,0.016913788056588493,0.009325176488152407,-0.007491226970262624,0.04784324418265748
kissing,2.37237681661422,-0.6372268152051365,-1.3481297871078628,-0.64463855093632,-0.12823276767480737,0.20852920225590213,0.08686636010786268,-0.34788483318164576,-0.026640291258073823,0.052252769520130006,0.1192553271182647,0.09746837457452767,0.06081749164948831,0.011718807451411425,0.017237983507399853,0.01717979681992613,-0.04197205016633757,0.009331497775808743,0.01179680572097824,-0.019843051248870754
laughing,-0.5612181851932999,2.060467881851578,-0.7909130175859325,-0.2997936861001146,-0.04323118850427815,-0.07904078322737719,-0.17265899529868214,-0.18895532372444185,-0.0863896562562421,0.02082713858941015,0.05454234556441215,-0.05382951208000065,-0.007089087694775715,-0.05783725143919711,0.053026737019525,-0.040609624623975354,-0.0020176976223427517,-0.02462013463149402,-0.00202986527383878,0.021568901145343634
life,-0.7522949024993509,-1.768731077194982,-0.18109330310999863,-0.3152222860212835,-0.19351146482195777,-0.20286323599969908,0.1946814486968724,0.11859031408108983,0.1001421877757147,0.13241366412285144,-0.09990883412388474,-0.029390781755777484,-0.07718300151969758,0.03782730675995688,-0.022355644726574923,-0.03374206834126714,-0.004227264290552596,-0.01731087834746508,-0.012304928394625795,-0.007546746707989948
linkin park,-3.8814947676481952,-0.6122820080481112,1.2258454141495276,-0.2940527006996576,-0.20627190380472432,0.04306251820234257,-0.4544816730660909,0.06913073184367212,0.1054984010414713,0.1466742803179984,0.014559828697947055,0.09139319064593142,-0.023385939216907126,-0.06170998470304044,0.013029079444240754,0.022612492711594483,-0.022504996503591203,-0.02558021431780073,0.02971196978338015,-0.01723874096592947
literature,2.926550838488157,-2.9954826647986565,0.24262286235575017,0.14986655419925388,-0.35908082758703247,-0.21103853933150932,-0.17395042085337425,0.18287866234359512,-0.09876217564036407,-0.08494843765097725,0.01966111022276718,0.010116596167120115,-0.04654682288745872,-0.04834997374427675,0.03422417378290815,0.04646092956008894,0.014507551662195308,0.008790264051425484,-0.023084895218307665,0.0042247217600703164
lord of the rings,4.524468124451883,-1.600679485577869,-0.4533750344338636,0.4580017884415287,1.2272788316493741,0.2204909729580071,-0.13710939723450913,-0.47010849643163993,-0.2721688951758862,0.004961203461178187,-0.03181508424566637,0.07939798934227338,-0.030111520166479885,0.1027575343160283,0.05349878632571897,-0.010556982099219006,0.02227827666606795,0.03150440944016865,-0.023793693386623647,-0.006293333922657731
love,4.854685847433902,1.9868330984455607,-0.36583838063786467,-1.2305083727903057,-0.16981209832647348,0.11687246227504003,0.3752970022276945,-0.17164271164628972,-0.1508746959964452,0.08495934770985962,-0.19043462191352692,-0.07026474294908532,-0.058823514708702944,0.07605366246084565,-0.032450110801678624,-0.0074271270988630345,-0.026618866893011524,0.010972940721367366,-0.013284986001814058,-0.012467009085995257
manga,1.6676682678441417,-1.0361963664676699,3.711627872915212,0.2470735151297502,1.0987609285375888,0.25009412909721496,-0.5271863530822385,0.5049132718474832,0.05156159118194725,0.26827505788647593,0.11140080949611178,-0.03304817225885372,0.05674345550132442,0.05429708417753037,-0.011317065851177002,-0.0208529061288701,-0.018901677689960983,0.022796400928328832,-0.0065188523476327085,0.00906348189958434
movies,-0.34084274181742386,8.520272597314912,0.34371047732584104,0.6692268190829164,0.07758006381926037,0.0813860933050211,0.26105463280154406,0.1175082760665727,-0.16786666746829368,-0.08840074841014738,0.05691649503389121,-0.05219722809459684,0.03345559085753968,1.7042474993845207e-06,0.0617231269892179,-0.0019095010455599162,0.04836987589159984,0.014771124195530075,-0.02300414612040357,-0.005924662437064434
music,0.9672764576763494,11.052310474215739,1.1127047927087597,0.19589014207508562,0.023041544310033257,-0.13133606594208005,0.5060207244917658,0.15852594058914576,-0.005834482788650435,-0.2069609901844704,0.015371158452638832,-0.012010656822792117,0.004817472122879051,-0.09214518878000169,-0.02711510879517912,0.00910493036246876,0.011804224055321165,0.017139571455525183,0.013148025216334597,-0.002692142575100189
nirvana,-1.9069752528943664,-0.5120741843647341,0.046052467427354145,-0.4352464066710451,-0.24577338288117598,0.5127611943326251,-0.23107715998504075,-0.02027293082822378,-0.10967535269918581,0.1619770829496401,-0.0455267001613684,0.025659164440138285,0.008031422933981451,-0.0482728371200262,-0.08951818105599516,0.018374055241307936,0.057550423670210245,0.00022999177150697414,-0.023801517469187974,-0.01992246090349456
painting,-1.00729485328614,-0.5638125760772477,0.815651114304193,0.30640510451388403,-0.728190596995351,0.35136834140746204,0.07382604283207903,-0.20949300929283132,0.09882862566319821,0.009576118654393326,-0.18840918252904887,-0.0026165528185381325,0.13847895134790536,0.05230065383418464,-0.007777434701233006,-0.02296443354881448,0.0005381816058697981,-0.025643799359221446,-0.01122061344265058,-0.01957219605967164
philosophy,2.2008583771529784,-1.85988755411967,-0.45146116098084266,0.7135590501351362,-0.4581997111567752,0.4471838625451927,0.10831534558479593,0.08402718817157283,-0.11375526308020559,0.0792161550411168,0.03089439976152431,-0.025413285082537363,-0.06482451561633892,-0.09765703220805275,0.0008877274806066981,-0.049838610357384,0.014532029778807052,-0.002735306969437774,0.006289445963707446,0.019564014484458145
Photography,8.428723641768498,1.895928673180795,-0.340762261303779,-0.6417611414326714,-0.7418473392487525,0.11719689815416962,0.1447041067705931,0.24467771865529064,0.3223003893900354,-0.011012203583881122,-0.016048624169702614,0.03041017863615179,0.0926607955048496,-0.022608803100521938,0.05131712205946455,0.006877361681239694,-0.03253361210732393,0.03733434571784349,-0.014108268866097269,0.013987329193467032
pictures,-0.9822809840117267,0.413461441620399,0.04987561671577337,-0.9241235849873815,0.4695990016965765,0.42780550418878865,0.48835335966575577,0.00712428361290157,-0.27549353715401664,0.10304308859464963,-0.18649395061900864,-0.15708312604150101,-0.04088766119908365,-0.02496546293354139,0.04810239663435981,-0.02762433145832408,-0.04681788648868789,-0.01062567936148815,0.006358781793217629,-0.019152344997226477
piercings,1.1267207943897581,-0.00026929382727527827,0.5919725744206189,-0.6141416339267893,-0.7315636394458838,0.6510165046017389,0.11498807696378531,-0.088124454396792,0.12420192101792658,-0.02831648175905617,0.27677193854373533,0.030968073349353156,-0.03293254421827412,0.06729824354860105,0.020055438408527346,-0.01159894968224391,0.01163275845352936,0.0012355085405780105,-0.005884654783474333,-0.02649553907218421
poetry,2.1269952898712625,1.8793285961893087,0.6908393390265756,-0.27204765238649037,-0.8721312835900261,0.1599942529066288,0.16717169806971174,-0.059709245729199015,-0.14361832174351252,0.037178611181452964,-0.14179776323242532,0.06663015021052847,-0.17050701892408934,-0.03218899639309076,-0.0034667686520763194,0.013229576645923934,0.003690256980891533,0.013226695865259529,-0.001136625988489859,0.003445862356989339
politics,1.0487895329921009,-2.5599091747566813,-0.21246629672435055,0.6131840911075478,-0.32951823724910356,0.005024826150253606,0.22559760858566424,0.07858487764586325,-0.15993578332790154,-0.11508597161898215,-0.04346939089545368,-0.1384825087022288,-0.007572481459250621,0.058621906465336215,-0.05939809089001968,-0.05626062133008169,-0.0649769762887562,-0.029793386725222793,-0.016190243291162337,0.0012948464473202619
psychology,2.3576417897920265,-1.182441255459231,0.5259714474957152,-0.06477095026580096,-1.0516246412675156,-0.25623103158641464,-0.4324829689943549,0.09913336007642208,-0.08091122954491924,-0.0033614286379961334,0.0618182085212034,-0.04348481535305362,-0.0845723803331455,-0.003649600140165825,0.0031442729714564565,-0.00298848265790709,0.021959994062506597,0.06057455902541958,-0.0053061515897026785,-0.01676437460301682
punk,-1.786414366787194,-1.05022093692794,1.6221551368179756,-0.8706584147643373,-1.235285278713379,-0.3640986122009227,0.4627411660191332,0.1841624925185981,-0.16739708880724274,0.0131719977218208,-0.003912606778473455,-0.09343778979938588,-0.01153707822479474,0.12095630749093081,-0.03408145581878094,0.02857015680385069,0.002018766016725003,-0.0422280027125799,0.00015209672323329454,0.013853227261604666
radiohead,2.0234238755523903,-1.4997271797725993,-0.9979948633310842,-0.4077626557910042,-0.8720194708979281,-0.06478249011764875,-0.2869253686592761,0.2193954637925677,-0.322908373815848,0.009759167585127466,0.023117666374572493,0.07074215465562682,0.14054892953033726,-0.0440354942602539,0.12412204293357153,0.061636743516259834,0.023991992009482828,0.018394712372195303,-0.004350015682466933,0.011423641528908905
rain,2.803490738382382,0.9727958390025696,-0.6609488474917233,-0.48124847997542747,-0.19274818865184662,0.15469585824959736,-0.45094554036898893,0.11411891991504179,-0.11412768392017028,0.07277226878839192,0.1311698455882391,0.012094543487975914,-0.06460797370014632,0.06001401196899189,-0.030569474701869877,-0.03669854695935378,0.011099013810522109,-0.005213043424141719,-0.021426797397382766,0.0006010853907689513
reading,4.795057360822211,4.655081233230784,0.7819969178836471,1.4861385224155275,-0.28175324547199193,-0.0553410788454489,-0.43467954879568144,-0.30676920016071996,0.051138243928020154,-0.23796276890716853,-0.16835217657619514,-0.05127433711914513,0.04935944188843005,0.10596655832521787,-0.04759833769130869,0.03945761321571818,0.00411344298246421,-0.025419807354301355,0.007478987375328974,-0.009952372518833736
rock,-3.4593565206010144,-1.3943764473342082,1.8064843768463736,0.06012198272412327,-0.07425692470592893,0.16939333917264135,0.25269415054792665,-0.07021193280081361,0.03286932955392394,0.2426508803722174,-0.18609941825047227,-0.11613918927339835,-0.05580264985063774,-0.03492754517501697,-0.034145759950913304,0.08699282804579346,-0.0023969749618158818,0.018436920896698322,0.01792781193734636,0.014175810200404657
running,-5.456485098025612,0.1659370667745018,0.35905437152212544,0.22941564783774343,-0.5300151682423673,-0.5091363307841957,-0.2213526825789869,0.007009008564124656,0.08158760879801703,-0.0891837388110645,-0.05399697860224022,-0.08109071701824075,0.09097283285621452,-0.06840470050663247,0.0393404670424269,-0.030526134091407975,-0.029217324870133864,-0.019013231358261613,-0.02269244067730427,0.003541435587568204
sex,4.357697819752377,-2.8766674376763417,-0.8667418642080218,-0.6714423035873334,-0.009609841454158073,0.3177921883611057,0.6536563289792194,0.2003916539593415,0.0327716849857127,-0.2928116006257993,0.06369812225770685,0.044904861001876496,-0.015979734052034896,0.04353437772009238,-0.0236270336454711,0.008783272714313116,-0.012831664178747898,-0.01699284794539706,-0.0047358981762808715,0.028395611228652168
shoes,-0.6792899172682277,-0.247484292532769,0.11199780694653573,-0.6129715371533655,-0.15746989916663337,-0.28634906964244894,-0.12420984778192638,-0.07357780320323823,0.12518665035055604,-0.009558504714729061,-0.015327536255131474,-0.09136827532927942,0.11180661270824586,0.07249611658624704,0.03748241245911189,-0.008993914465885608,-0.005514877669251704,0.014363510510126529,-0.01141293663943745,-0.010138486588851891
shopping,-2.993799369325324,2.4359797825175433,0.2916193144790163,-0.3731568981175918,0.579855752794702,-0.01470579166815473,-0.25333399658632116,-0.24818339316455784,0.4009776583785815,-0.11742922623823544,0.11593080743514979,-0.0942982221238482,-0.03721340644789516,-0.04546321121606013,0.024102172736948955,-0.007457898725774355,-0.0066431478363903895,0.026327741014971477,-0.04413414159449967,0.020250022853248097
singing,-0.23463699793951573,2.1559255396883708,-1.2548754781380447,-0.1282758171286321,0.7582649977031343,-0.22999087035601748,-0.07246915143501045,0.05201273705073137,0.1393969733262266,0.07170722087609215,0.035303819681196474,0.16489347167872787,-0.07766917930183746,-0.02444698295764665,0.0068448367272773885,-0.032408224953423395,-0.06240766288825596,0.0017459555005293677,0.03322136374613068,0.002899672625881218
sleep,0.24475042314533021,-0.2355470217069853,-0.6878053125703925,-0.13666450299932711,-0.234865803359502,-0.1375513924459619,-0.12520791360957606,-0.03380333698953812,-0.03133761065097334,0.11923011185644182,0.009956758649824555,0.06513903142060426,0.055077936306030015,-0.04836035375296505,-0.033806620675884844,-0.040770838374292,0.001989517054062127,-0.01777456745668321,-0.008375402128142652,-0.004093607214669627
sleeping,0.18973638340823548,3.385719570264688,-0.5796343537594666,-0.069866993702668,0.018934301670571082,0.037561399973196435,-0.4656351230402975,0.18639600202550244,-0.025055759211042337,-0.0656711084304124,0.10819836481898391,-0.006143981841214455,0.04906656679691821,-0.06080472917506736,0.006051032594892756,-0.01963312509247657,-0.02186981474281227,-0.031136308081690465,0.019799863110656245,0.004889973215746042
snow,-0.5618586714362075,-0.28763910663937353,-0.5019571326991734,0.013217450531579987,0.07156876656798745,0.13665883306494,-0.27674660869798323,-0.09713067707613866,-0.07199566465231746,0.08699153934425043,0.023672612531694788,-0.056381929868935234,-0.05923796534577791,-0.02999968354978404,0.03907015539314852,-0.05524679188605601,0.019949146244703547,0.006042411077154164,-0.0008047527437747012,0.004441628736820203
snowboarding,-6.7075699159864,-0.2834167006614205,0.33738235264613714,0.2702971868655946,-0.6298686608799052,-0.48538113630627855,0.05588446742368846,-0.21212815076166422,0.04390800631345439,0.02261316112200436,0.14686361975995657,0.039360484734588266,0.08135504185411284,0.004136457452265398,-0.01229578299279815,0.002658000583376108,-0.011184414164654188,0.019431124191781116,-0.005095985971767306,0.008308446944494558
soccer,-6.212676275399643,-0.07436120594966646,-0.30361541177903706,0.49734047406272475,0.6066714112953544,0.0050829724284729184,-0.1047223721817796,-0.16556749392347542,-0.13396197593111014,-0.1448311904701348,0.03869549584751522,-0.017596154657552633,0.0028889078781293297,0.029027430007475128,0.028699653591199737,0.018500622280719633,0.0050055433785318425,0.017110874872157802,-0.018736061717725537,-0.024784032355740084
stars,1.6553866443339778,1.438530477741115,-0.4962029490330898,-0.9641038665373062,-0.33223520248365773,-0.08261966861997687,-0.30499385368926885,-0.21917734611392742,-0.16707094633214123,0.13350266076486622,0.019351302685153636,-0.02289562664841707,-0.04229768419906533,0.0686629840433981,-0.03364192582195452,-0.04525281187075782,-0.004544785070885571,0.021595137265943403,-0.010838803958550905,-0.0023012475994879755
summer,-1.2847896546498108,0.2641172043387172,-0.8798530829075328,-0.5905934090890236,0.32472342601191,-0.1508699398779379,-0.2956462283490585,-0.06866369306960182,0.1921415398685557,0.1301836967833071,0.003485207855060879,-0.1377594902746565,-0.009171810131246278,-0.01851603030738816,0.12880820455370487,0.041451984090314885,-0.03047136650261794,-0.05213200836640143,0.029301326440856746,-0.029722615287209795
swimming,-4.2490409001031475,2.154193477761438,-0.475393770963892,0.5741598284932706,0.31330838806955436,0.25822664237599546,-0.04998460012058953,-0.0039583844296096635,-0.09564624714055411,-0.0663688492903817,0.05671140639481879,-0.03447111373379724,-0.04766953280819191,-0.036488589460124864,0.05850803889758613,0.01954161384432288,-0.05741727290579485,0.0015640615848424497,-0.05831027784873893,0.018819521529700452
taking back sunday,-1.9845350004577056,1.620966823132371,-0.875831394801685,-1.200084242283357,-6.343920445872689e-05,0.29413334037360345,-0.13125207534167874,-0.10640881215535634,-0.16903257326028065,0.20255458459289077,-0.062002759487078805,0.019995646117623184,0.2193389852866333,-0.02210503730472866,-0.03493179611153969,0.05436341848849264,0.025695002762268,0.04003600860252947,0.027268241851453837,0.011356977703671193
talking,-4.570226466022667,0.2539631741713455,-0.33199551684899975,0.07979083059774404,0.27318707782418916,0.1651211662348912,-0.012087259464148603,0.05308768090132654,-0.06353887361487194,0.06208611952957565,0.022381912102494805,-0.03402444414759977,-0.13516847569224744,0.009460272605202597,-0.08656444668137618,0.027224977350010726,-0.013572750624987908,0.014723527772971931,-0.0459380476461012,0.009902670806192334
tattoos,4.602948845128471,-0.4678783230335895,-0.13651162121844382,-0.3763965522476215,-0.817105501462218,0.3969896996296544,0.2796842774100932,-0.049105549621758074,0.17124794756743889,-0.1900562583270048,0.2562796888123586,0.032478117735892466,0.004355933610578133,0.063717144147997,-0.0615976650248371,0.033031770291370464,-0.018949937948570004,0.02827761834979415,0.011522642889417432,-0.008552493488753315
the beatles,1.4782617176100146,-1.0795940724605357,-0.5100583522660568,0.03021260130539992,-0.101324886439247,-0.019693013890882082,-0.31356428736765235,-0.3997749250070261,0.011375875281636263,-0.06434614088346151,-0.050907911448205584,-0.049160481178506375,0.08666611956534835,-0.009945828647542518,-0.01688155861241278,0.013203318560119309,-0.02395174281552654,-0.010059573968937871,0.03215602451454345,-0.00684240696758014
the used,-2.743457980802655,0.12227060740307298,-0.6032431491676306,-0.36062538505403985,0.6348535396464536,1.250338182839249,-0.02601332223362412,-0.15853481276424145,-0.18027692772160853,0.06306072908563036,0.051630746631286924,0.024874383899435637,0.13766720248203412,-0.0642692047493683,-0.08159815788404937,0.024230800609062332,-0.034799712067938776,-0.02105898737548531,0.02540081466428003,0.020704542614562095
travel,2.553460960392171,-3.693463870837335,-0.9868880874964515,0.9981861284231455,-0.24054045424974155,0.02075401703896695,0.08520710090058296,-0.022182587882713396,0.12097012299247598,-0.0324100893497737,0.04007818873593031,-0.058172469127359266,0.013314761375891868,-0.05751619462146884,0.037908440280865444,0.00873105577353319,-0.03030184951807591,0.017860230100329662,-0.01879971701892201,-0.007966920737763455
traveling,-0.39426863321734645,-0.8023513281356079,0.01447174967067678,0.5230716524721649,-0.2094210113408152,0.2016373940412378,-0.212677625371467,-0.02606138651833278,0.15163014628343538,-0.062162832933913635,0.045444848399202306,-0.01500720803372486,0.0321100756996389,-0.08329156659805886,0.015483096288146541,-0.015116916460275838,0.003046666541562578,-0.016603847937375106,0.02491253370447885,0.014466432821660883
tv,-4.18573999302665,-0.9756488461807906,1.3501300600231316,-0.23647207577724158,0.04239580066270191,-0.5221905139582839,0.22742212590424019,-0.11022877017189824,0.17529421760291705,-0.055557221602027466,-0.07743649123730803,0.014399777741791365,0.02489573024382239,-0.025023539575079776,-0.045882694550689614,0.0008829579210251858,-0.013992621861731268,0.006983490891115182,-0.03144929981853076,-0.010539337467562316
vampires,2.1602495932230084,-2.037439769070333,0.9003191129121463,-0.36688313491976526,-0.12526426495293305,-0.4988051217704245,0.1851148174450915,-0.2845588993945352,0.17403006626777698,0.03674444678430873,0.11389374557383947,0.015935672051498193,-0.10554649812537861,-0.09451916660622167,0.0030741748570500254,-0.011509097367172668,0.021004263284758157,-0.013128127895050311,0.05120002754837997,0.0032481451927802614
video games,-0.22068409304733574,1.208489562923938,0.3366970987652175,0.8679216212688159,0.2836148256539296,0.34446828336885876,0.091603742260757,0.28031044734680893,0.0021578153767012756,0.09935260099879589,-0.045478977079194134,0.024671938019463553,0.07747276948627257,-0.03773176255705855,-0.07722609673455136,-0.017560554102831135,-0.010219715248377295,0.02648977058131746,0.0013076890318137622,-0.02023956321326099
women,-3.0068485387896353,-2.737009454951547,0.0022279773365849677,0.007737714411158405,-0.338226151941507,-0.4739922987411928,0.6469089818757828,0.1333086827940548,0.041219566229401226,-0.16166885146741133,0.061175843136435544,0.06027123531333754,0.008981945952793757,0.01667112395546594,0.024427452836233998,-0.023895248359630847,0.04508813848685159,-0.022335936506145643,0.03197600983418133,-0.009008228256197178
writing,5.392353387506545,4.368188632349842,1.9410600134820997,0.7713960013564578,-0.3330613798202634,0.030354597819490455,0.27184657744780233,-0.42259978164360723,-0.02648387923356253,-0.06758355683125414,-0.05804035120702383,0.1413995006045049,-0.03580608967448993,-0.005852214011984194,-0.026507908427229974,-0.05937312110321295,-0.026374152822513375,-0.01649116499934585,-0.001765172832003911,0.02128338479935491
